<?xml version="1.0" encoding="UTF-8"?>
<!--
    Licensed to the Apache Software Foundation (ASF) under one or more
    contributor license agreements.  See the NOTICE file distributed with
    this work for additional information regarding copyright ownership.
    The ASF licenses this file to You under the Apache License, Version 2.0
    (the "License"); you may not use this file except in compliance with
    the License.  You may obtain a copy of the License at

       http://www.apache.org/licenses/LICENSE-2.0

    Unless required by applicable law or agreed to in writing, software
    distributed under the License is distributed on an "AS IS" BASIS,
    WITHOUT WARRANTIES OR CONDITIONS OF ANY KIND, either express or implied.
    See the License for the specific language governing permissions and
    limitations under the License.
-->
<blueprint xmlns="http://www.osgi.org/xmlns/blueprint/v1.0.0"
           xmlns:camel="http://camel.apache.org/schema/blueprint">

    <!--
        This Camel context contains the routes that interact with our BPMN process
    -->
    <camelContext id="camelContext" xmlns="http://camel.apache.org/schema/blueprint">
        <packageScan>
            <package>org.apache.servicemix.examples.activiti</package>
        </packageScan>
    </camelContext>

    <!--
        Obtain a reference to Activiti's RuntimeService - this reference will automatically
        be picked up by the subsequent Activiti Camel component definition
    -->
    <reference id="runtimeService" interface="org.activiti.engine.RuntimeService" />

    <!--
        Register a context provider to link the Camel context to the OrderProcess definition.
        Doing this will allow your BPMN process to communicate with the Camel routes using the
        ${camel} expression
    -->
    <service interface="org.activiti.camel.ContextProvider">
        <bean class="org.activiti.camel.SimpleContextProvider">
            <argument value="OrderProcess"/>
            <argument ref="camelContext"/>
        </bean>
    </service>

</blueprint>