<?xml version="1.0" encoding="UTF-8"?>
<!--

    Licensed to the Apache Software Foundation (ASF) under one or more
    contributor license agreements.  See the NOTICE file distributed with
    this work for additional information regarding copyright ownership.
    The ASF licenses this file to You under the Apache License, Version 2.0
    (the "License"); you may not use this file except in compliance with
    the License.  You may obtain a copy of the License at

       http://www.apache.org/licenses/LICENSE-2.0

    Unless required by applicable law or agreed to in writing, software
    distributed under the License is distributed on an "AS IS" BASIS,
    WITHOUT WARRANTIES OR CONDITIONS OF ANY KIND, either express or implied.
    See the License for the specific language governing permissions and
    limitations under the License.

-->
<blueprint
    xmlns="http://www.osgi.org/xmlns/blueprint/v1.0.0"
    xmlns:cm="http://aries.apache.org/blueprint/xmlns/blueprint-cm/v1.0.0"
    xmlns:xsi="http://www.w3.org/2001/XMLSchema-instance"
    xsi:schemaLocation="http://www.osgi.org/xmlns/blueprint/v1.0.0 http://www.osgi.org/xmlns/blueprint/v1.0.0/blueprint.xsd">

    <camelContext xmlns="http://camel.apache.org/schema/blueprint">
        <route>
            <from uri="timer://myTimer?fixedRate=true&amp;period=2000" />
            <bean ref="myTransform" method="transform"/>
            <to uri="activemq:queue:LOG.ME" />
        </route>
        <route>
            <from uri="activemq:queue:LOG.ME" />
            <to uri="log:ExampleActiveMQRouterBlueprint" />
        </route>
    </camelContext>

    <!-- use CF from ActiveMQ blueprint service running in container -->
    <!--
    <reference id="connectionFactory" interface="javax.jms.ConnectionFactory" />
    <bean id="activemq" class="org.apache.activemq.camel.component.ActiveMQComponent">
        <property name="connectionFactory" ref="connectionFactory" />
    </bean>
    -->

    <cm:property-placeholder persistent-id="org.apache.servicemix.examples">
        <cm:default-properties>
            <cm:property name="prefix" value="ActiveMQ-Blueprint-Example"/>
        </cm:default-properties>
    </cm:property-placeholder>

    <bean id="myTransform" class="org.apache.servicemix.examples.activemq.MyTransform">
        <property name="prefix" value="${prefix}" />
    </bean>

</blueprint>
